<?xml version="1.0" encoding="UTF-8"?>
<project-private xmlns="http://www.netbeans.org/ns/project-private/1">
    <editor-bookmarks xmlns="http://www.netbeans.org/ns/editor-bookmarks/2" lastBookmarkId="0"/>
    <open-files xmlns="http://www.netbeans.org/ns/projectui-open-files/2">
        <group>
            <file>file:/home/al-sany/NetBeansProjects/FoodMeterProject/src/foodmeterproject/foodChooser.java</file>
            <file>file:/home/al-sany/NetBeansProjects/FoodMeterProject/src/foodmeterproject/FourthFrame.java</file>
            <file>file:/home/al-sany/NetBeansProjects/FoodMeterProject/src/foodmeterproject/FirstFrame.java</file>
            <file>file:/home/al-sany/NetBeansProjects/FoodMeterProject/src/foodmeterproject/FifthFrame.java</file>
            <file>file:/home/al-sany/NetBeansProjects/FoodMeterProject/src/foodmeterproject/ThirdFrame.java</file>
            <file>file:/home/al-sany/NetBeansProjects/FoodMeterProject/src/foodmeterproject/SecondFrame.java</file>
            <file>file:/home/al-sany/NetBeansProjects/FoodMeterProject/src/foodmeterproject/User.java</file>
        </group>
    </open-files>
</project-private>
